Gene_1	Gene_2	Annotation_2	Annotation_2
NDC80	HBT1	P40460	Q07653
NDC80	FMP45	P40460	Q07651
NDC80	SPC24	P40460	Q04477
NDC80	IRE1	P40460	P32361
NDC80	PMA2	P40460	P19657
NDC80	NUF2	P40460	P33895
NDC80	NNF1	P40460	P47149
AME1	NDC80	P38313	P40460
PSA1	FUS3	P41940	P16892
SEC53	FUS3	P07283	P16892
TDH2	FUS3	P00358	P16892
PDC1	FUS3	P06169	P16892
FUS3	KSS1	P16892	P14681
NOG1	RRP6	Q02892	Q12149
NOP13	RRP6	P53883	Q12149
DIM1	RRP6	P41819	Q12149
NSR1	RRP6	P27476	Q12149
EMG1	RRP6	Q06287	Q12149
UTP20	RRP6	P35194	Q12149
RRP6	SEC16	Q12149	P48415
RRP6	NAN1	Q12149	Q02931
RRP6	LRP1	Q12149	P38801
RRP6	SAS10	Q12149	Q12136
RRP6	FCF1	Q12149	Q05498
RRP6	BMS1	Q12149	Q08965
RRP6	NOP14	Q12149	Q99207
RRP6	MPP10	Q12149	P47083
RRP6	UTP11	Q12149	P34247
RRP6	UTP7	Q12149	P40055
RRP6	ENP2	Q12149	P48234
RRP6	BUD21	Q12149	Q08492
RRP6	RRP9	Q12149	Q06506
RRP6	IMP4	Q12149	P53941
RRP6	SKI7	Q12149	Q08491
RRP6	NOC4	Q12149	Q06512
UTP14	RRP6	Q04500	Q12149
RRP7	RRP6	P25368	Q12149
ENP1	RRP6	P38333	Q12149
RRP43	RRP6	P25359	Q12149
KRR1	RRP6	P25586	Q12149
RRP42	RRP6	Q12277	Q12149
PWP2	RRP6	P25635	Q12149
BFR2	RRP6	Q06631	Q12149
RRP45	RRP6	Q05636	Q12149
UTP4	RRP6	Q06679	Q12149
UTP6	RRP6	Q02354	Q12149
UTP5	RRP6	Q04177	Q12149
RRP46	RRP6	P53256	Q12149
UTP22	RRP6	P53254	Q12149
UTP8	RRP6	P53276	Q12149
SKI6	RRP6	P46948	Q12149
MTR3	RRP6	P48240	Q12149
RRP4	RRP6	P38792	Q12149
UTP9	RRP6	P38882	Q12149
FAF1	RRP6	P40546	Q12149
MTR4	RRP6	P47047	Q12149
RRT14	RRP6	P40470	Q12149
UTP10	RRP6	P42945	Q12149
UTP18	RRP6	P40362	Q12149
SOF1	RRP6	P33750	Q12149
DIP2	RRP6	Q12220	Q12149
FCF2	RRP6	Q12035	Q12149
UTP13	RRP6	Q05946	Q12149
NOP56	RRP6	Q12460	Q12149
UTP15	RRP6	Q04305	Q12149
UTP21	RRP6	Q06078	Q12149
RRP5	RRP6	Q05022	Q12149
ECM16	RRP6	Q04217	Q12149
KRE33	RRP6	P53914	Q12149
MPP6	RRP6	P53725	Q12149
CSL4	RRP6	P53859	Q12149
RCL1	RRP6	Q08096	Q12149
RRP40	RRP6	Q08285	Q12149
DIS3	RRP6	Q08162	Q12149
NOP58	RRP6	Q12499	Q12149
SOD1	ARC40	P00445	P38328
SOD1	ARC19	P00445	P33204
SOD1	GPM1	P00445	P00950
SOD1	COF1	P00445	Q03048
SOD1	CCS1	P00445	P40202
SOD1	FBA1	P00445	P14540
SOD1	TKL1	P00445	P23254
SOD1	PDC1	P00445	P06169
SOD1	GDH1	P00445	P07262
HXK2	SOD1	P04807	P00445
TDH3	SOD1	P00359	P00445
TSA1	SOD1	P34760	P00445
CDC19	SOD1	P00549	P00445
TDH2	SOD1	P00358	P00445
PGK1	SOD1	P00560	P00445
PGI1	SOD1	P12709	P00445
TPI1	SOD1	P00942	P00445
ENO1	SOD1	P00924	P00445
HXK1	SOD1	P04806	P00445
ENO2	SOD1	P00925	P00445
SEY1	KAE1	Q99287	P36132
SEC11	SEY1	P15367	Q99287
YOP1	SEY1	Q12402	Q99287
DPM1	SEY1	P14020	Q99287
ELO3	SEY1	P40319	Q99287
STU2	LIP1	P46675	Q03579
STU2	PEX14	P46675	P53112
AME1	NUF2	P38313	P33895
NDC80	NUF2	P40460	P33895
SPC24	NUF2	Q04477	P33895
SET2	SPT5	P46995	P27692
SET2	RPB2	P46995	P08518
SET2	RPB11	P46995	P38902
SET2	RPO26	P46995	P20435
SET2	SPN1	P46995	Q06505
IWR1	SET2	Q07532	P46995
RPB5	SET2	P20434	P46995
CEG1	SET2	Q01159	P46995
RPB9	SET2	P27999	P46995
RPC10	SET2	P40422	P46995
RPB10	SET2	P22139	P46995
ELF1	SET2	P36053	P46995
RPO21	SET2	P04050	P46995
RPB7	SET2	P34087	P46995
SPT16	SET2	P32558	P46995
SPT4	SET2	P32914	P46995
RPB3	SET2	P16370	P46995
RPB4	SET2	P20433	P46995
POB3	SET2	Q04636	P46995
SPT6	SET2	P23615	P46995
NMD2	SAP4	P38798	P53036
PEP4	NMD2	P07267	P38798
ASH1	NMD2	P34233	P38798
RPL4B	NMD2	P49626	P38798
CIR2	NMD2	Q08822	P38798
GPD1	NMD2	Q00055	P38798
PNG1	NMD2	Q02890	P38798
YGR266W	NMD2	P53326	P38798
DMA1	NMD2	P38823	P38798
POT1	NMD2	P27796	P38798
RPL3	NMD2	P14126	P38798
YRA1	NMD2	Q12159	P38798
ISW1	NMD2	P38144	P38798
UPF3	NMD2	P48412	P38798
NUM1	ASK10	Q00402	P48361
NUM1	YBL086C	Q00402	P38177
NUM1	YCK2	Q00402	P23292
NUM1	OSH3	Q00402	P38713
NUM1	ALR1	Q00402	Q08269
DED1	NIP1	P06634	P32497
DED1	TIF35	P06634	Q04067
DED1	NEW1	P06634	Q08972
DED1	SVL3	P06634	Q03088
ARB1	DED1	P40024	P06634
RPG1	DED1	P38249	P06634
TIF34	DED1	P40217	P06634
PRT1	DED1	P06103	P06634
RPL33A	DED1	P05744	P06634
YGR054W	DED1	P53235	P06634
TIF4631	DED1	P39935	P06634
TMA46	RPP0	Q12000	P05317
TMA46	RPL5	Q12000	P26321
TMA46	RPL36B	Q12000	O14455
RPS0B	TMA46	P46654	Q12000
RPS19B	TMA46	P07281	Q12000
RPS19A	TMA46	P07280	Q12000
RPL19A	TMA46	P0CX82	Q12000
RPS9A	TMA46	O13516	Q12000
RPL4B	TMA46	P49626	Q12000
ZUO1	TMA46	P32527	Q12000
SSZ1	TMA46	P38788	Q12000
RPL13A	TMA46	Q12690	Q12000
RPL41B	TMA46	P0CX87	Q12000
RPL35B	TMA46	P0CX85	Q12000
RPL41A	TMA46	P0CX86	Q12000
RPL35A	TMA46	P0CX84	Q12000
RPL12B	TMA46	P0CX54	Q12000
EGD2	TMA46	P38879	Q12000
RPL27B	TMA46	P0C2H7	Q12000
RPL37B	TMA46	P51402	Q12000
RPL29	TMA46	P05747	Q12000
RPL2A	TMA46	P0CX45	Q12000
RPL11B	TMA46	Q3E757	Q12000
RPL42B	TMA46	P0CX28	Q12000
EGD1	TMA46	Q02642	Q12000
RPL43B	TMA46	P0CX26	Q12000
RPL36A	TMA46	P05745	Q12000
RPL20A	TMA46	P0CX23	Q12000
RPL42A	TMA46	P0CX27	Q12000
RPL18B	TMA46	P0CX50	Q12000
RPL33B	TMA46	P41056	Q12000
RPL20B	TMA46	P0CX24	Q12000
RPS6A	TMA46	P0CX37	Q12000
RPL7B	TMA46	Q12213	Q12000
RPL43A	TMA46	P0CX25	Q12000
RPL11A	TMA46	P0C0W9	Q12000
RPL21A	TMA46	Q02753	Q12000
RPP2B	TMA46	P02400	Q12000
RPL34A	TMA46	P87262	Q12000
RPL7A	TMA46	P05737	Q12000
RPL9A	TMA46	P05738	Q12000
RPL34B	TMA46	P40525	Q12000
RPL26B	TMA46	P53221	Q12000
RPL17B	TMA46	P46990	Q12000
RPL16A	TMA46	P26784	Q12000
RPL14A	TMA46	P36105	Q12000
RPL17A	TMA46	P05740	Q12000
RPL22A	TMA46	P05749	Q12000
RPL3	TMA46	P14126	Q12000
RBG1	TMA46	P39729	Q12000
RPS9B	TMA46	P05755	Q12000
RPP1B	TMA46	P10622	Q12000
RPP1A	TMA46	P05318	Q12000
RPL22B	TMA46	P56628	Q12000
RPL24A	TMA46	P04449	Q12000
RPL24B	TMA46	P24000	Q12000
RPL8A	TMA46	P17076	Q12000
RPL10	TMA46	P41805	Q12000
RPL8B	TMA46	P29453	Q12000
RPL37A	TMA46	P49166	Q12000
RPL26A	TMA46	P05743	Q12000
RPL38	TMA46	P49167	Q12000
RPL6B	TMA46	P05739	Q12000
RPL6A	TMA46	Q02326	Q12000
RPL13B	TMA46	P40212	Q12000
RPL9B	TMA46	P51401	Q12000
DBP2	TMA46	P24783	Q12000
RPL21B	TMA46	Q12672	Q12000
RPL19B	TMA46	P0CX83	Q12000
RPL14B	TMA46	P38754	Q12000
DEF1	PEP1	P35732	P32319
DEF1	RNQ1	P35732	P25367
MET30	DEF1	P39014	P35732
RBG1	TMA46	P39729	Q12000
RBG1	PDR1	P39729	P12383
RBG1	GLN1	P39729	P32288
RBG1	RPP1B	P39729	P10622
RPS0B	RBG1	P46654	P39729
RPL35A	RBG1	P0CX84	P39729
GIR2	RBG1	Q03768	P39729
RPL12B	RBG1	P0CX54	P39729
RPL29	RBG1	P05747	P39729
RPL20A	RBG1	P0CX23	P39729
RPL43A	RBG1	P0CX25	P39729
FUN12	RBG1	P39730	P39729
RPL21A	RBG1	Q02753	P39729
MIS1	RBG1	P09440	P39729
RPP2B	RBG1	P02400	P39729
RPL34A	RBG1	P87262	P39729
RPL7A	RBG1	P05737	P39729
RPL9A	RBG1	P05738	P39729
RPL34B	RBG1	P40525	P39729
RPL26B	RBG1	P53221	P39729
RPL16A	RBG1	P26784	P39729
RPL14A	RBG1	P36105	P39729
RPL15A	RBG1	P05748	P39729
RPL17A	RBG1	P05740	P39729
RPL22A	RBG1	P05749	P39729
RPP0	RBG1	P05317	P39729
RPL16B	RBG1	P26785	P39729
RPL3	RBG1	P14126	P39729
RPL25	RBG1	P04456	P39729
RPL33A	RBG1	P05744	P39729
RPL5	RBG1	P26321	P39729
RPL32	RBG1	P38061	P39729
RPL31A	RBG1	P0C2H8	P39729
RPP1A	RBG1	P05318	P39729
RPL8A	RBG1	P17076	P39729
RPL10	RBG1	P41805	P39729
RPL8B	RBG1	P29453	P39729
RPL37A	RBG1	P49166	P39729
RPL26A	RBG1	P05743	P39729
RPL38	RBG1	P49167	P39729
RPL6A	RBG1	Q02326	P39729
RPL13B	RBG1	P40212	P39729
RPL9B	RBG1	P51401	P39729
DBP2	RBG1	P24783	P39729
RPL21B	RBG1	Q12672	P39729
RPL36B	RBG1	O14455	P39729
KAR9	BIM1	P32526	P40013
SUB1	APE2	P54000	P32454
YRA1	SUB1	Q12159	P54000
RPO41	NEW1	P13433	Q08972
SMC3	RPO41	P47037	P13433
NBP1	RPO41	P52919	P13433
YPR1	RPO41	Q12458	P13433
ECT1	RPO41	P33412	P13433
RPL27A	RPO41	P0C2H6	P13433
TY1B-LR1	RPO41	Q12088	P13433
PGC1	RPO41	Q08959	P13433
KRE5	RPO41	P22023	P13433
CDC48	MDM10	P25694	P18409
CDC48	UBX7	P25694	P38349
CDC48	FZO1	P25694	P38297
CDC48	UBX3	P25694	Q12229
CDC48	SAF1	P25694	P38352
CDC48	VMS1	P25694	Q04311
CDC48	CDC53	P25694	Q12018
CDC48	SKP1	P25694	P52286
CDC48	YOS9	P25694	Q99220
CDC48	ICL1	P25694	P28240
CDC48	UBX5	P25694	Q06682
CDC48	OTU1	P25694	P43558
CDC48	UBC6	P25694	P33296
CDC48	UFD1	P25694	P53044
CDC48	YGL140C	P25694	P53120
CDC48	SSM4	P25694	P40318
CDC48	NUP57	P25694	P48837
CDC48	BUD4	P25694	P47136
CDC48	GRR1	P25694	P24814
CDC48	RPS31;UBI4	P25694	P0CG63
CDC48	RPS31;UBI4	P25694	P05759
CDC48	YPF1	P25694	P34248
CDC48	HRD3	P25694	Q05787
CDC48	GAA1	P25694	P39012
CDC48	USA1	P25694	Q03714
CDC48	UBX2	P25694	Q04228
CDC48	UBX4	P25694	P54730
CDC48	UFO1	P25694	Q04511
CDC48	ARP5	P25694	P53946
CDC48	ASI1	P25694	P54074
CDC48	AAH1	P25694	P53909
CDC48	MKT1	P25694	P40850
CDC48	GDH1	P25694	P07262
CDC48	HRD1	P25694	Q08109
CDC48	PUP1	P25694	P25043
SHP1	CDC48	P34223	P25694
NPL4	CDC48	P33755	P25694
PRE6	CDC48	P40303	P25694
RPT6	CDC48	Q01939	P25694
ERG10	CDC48	P41338	P25694
SNF5	SWP82	P18480	P43554
SNF5	PHO87	P18480	P25360
SNF5	SNF6	P18480	P18888
SNF5	RTT102	P18480	P53330
SNF5	URA1	P18480	P28272
SNF5	SWI3	P18480	P32591
SNF5	LIP1	P18480	Q03579
SNF5	ARP9	P18480	Q05123
SNF5	SNF2	P18480	P22082
SNF5	SNF12	P18480	P53628
SNF5	ARP7	P18480	Q12406
SNF5	SWI1	P18480	P09547
TAF14	SNF5	P35189	P18480
TUB4	FRD1	P53378	P32614
TUB4	SPC98	P53378	P53540
SPC72	TUB4	P39723	P53378
SPC97	TUB4	P38863	P53378
STM1	RPS8B;RPS8A	P39015	P0CX39
STM1	RPS8B;RPS8A	P39015	P0CX40
STM1	RPS11B;RPS11A	P39015	P0CX47
STM1	RPS11B;RPS11A	P39015	P0CX48
STM1	RPS13	P39015	P05756
STM1	RPL32	P39015	P38061
STM1	RPS14A	P39015	P06367
STM1	RPS24B;RPS24A	P39015	P0CX31
STM1	RPS24B;RPS24A	P39015	P0CX32
STM1	RPS2	P39015	P25443
STM1	RPS18A;RPS18B	P39015	P0CX55
STM1	RPS18A;RPS18B	P39015	P0CX56
STM1	SAP1	P39015	P39955
STM1	GCD2	P39015	P12754
STM1	RPS23A;RPS23B	P39015	P0CX29
STM1	RPS23A;RPS23B	P39015	P0CX30
STM1	POX1	P39015	P13711
STM1	RAI1	P39015	P53063
STM1	RPS22B;RPS22A	P39015	P0C0W1
STM1	RPS22B;RPS22A	P39015	Q3E7Y3
STM1	RPS14B	P39015	P39516
STM1	RPS20	P39015	P38701
STM1	RPL39	P39015	P04650
STM1	RPS27A;RPS27B	P39015	P35997
STM1	RPS27A;RPS27B	P39015	P38711
STM1	RPL37A	P39015	P49166
STM1	RPS5	P39015	P26783
STM1	RPS4A;RPS4B	P39015	P0CX35
STM1	RPS4A;RPS4B	P39015	P0CX36
STM1	RPS30A;RPS30B	P39015	P0CX33
STM1	RPS30A;RPS30B	P39015	P0CX34
STM1	RPP0	P39015	P05317
STM1	RPS28B	P39015	P0C0X0
STM1	YLR278C	P39015	Q05854
STM1	PSP2	P39015	P50109
STM1	RPS17B;RPS17A	P39015	P02407
STM1	RPS17B;RPS17A	P39015	P14127
STM1	RPS29A	P39015	P41057
STM1	RPS1A	P39015	P33442
STM1	RPS16A;RPS16B	P39015	P0CX51
STM1	RPS16A;RPS16B	P39015	P0CX52
STM1	RPL16B	P39015	P26785
STM1	RPS1B	P39015	P23248
STM1	ASC1	P39015	P38011
STM1	RPS3	P39015	P05750
STM1	RPS19B	P39015	P07281
STM1	RPS7B	P39015	P48164
STM1	DBP2	P39015	P24783
STM1	RPS15	P39015	Q01855
STM1	RPS19A	P39015	P07280
STM1	BRE5	P39015	P53741
STM1	RPP2A	P39015	P05319
STM1	RPS7A	P39015	P26786
STM1	RPS12	P39015	P48589
STM1	RPL25	P39015	P04456
STM1	RPL3	P39015	P14126
STM1	RPS6B;RPS6A	P39015	P0CX37
STM1	RPS6B;RPS6A	P39015	P0CX38
STM1	HHO1	P39015	P53551
STM1	RPS9A	P39015	O13516
STM1	SEC16	P39015	P48415
STM1	BUD23	P39015	P25627
STM1	YCR087C-A	P39015	P37263
STM1	RPL5	P39015	P26321
STM1	RPL33A	P39015	P05744
STM1	RPL31A	P39015	P0C2H8
STM1	TMA64	P39015	Q04600
STM1	NAT1	P39015	P12945
STM1	TSR1	P39015	Q07381
STM1	ARD1	P39015	P07347
STM1	YIL161W	P39015	P40449
STM1	ELP2	P39015	P42935
STM1	OTU2	P39015	P38747
STM1	RPL31B	P39015	P0C2H9
STM1	YLR419W	P39015	Q06698
STM1	LCB5	P39015	Q06147
STM1	RPL38	P39015	P49167
STM1	RPL9B	P39015	P51401
STM1	MSK1	P39015	P32048
STM1	RPL13B	P39015	P40212
STM1	FAP1	P39015	P53971
STM1	RIO1	P39015	Q12196
STM1	RPL36B	P39015	O14455
STM1	NST1	P39015	P53935
STM1	RIO2	P39015	P40160
RPS8A	STM1	P0CX39	P39015
RPS0A	STM1	P32905	P39015
RPS21B	STM1	Q3E754	P39015
RPS0B	STM1	P46654	P39015
RPS21A	STM1	P0C0V8	P39015
UBP3	STM1	Q01477	P39015
RPL19A	STM1	P0CX82	P39015
RPS29B	STM1	P41058	P39015
PBP4	STM1	Q07362	P39015
NPL3	STM1	Q01560	P39015
RPS6B	STM1	P0CX38	P39015
RPS26B	STM1	P39939	P39015
RPS26A	STM1	P39938	P39015
RIX7	STM1	Q07844	P39015
RPL4B	STM1	P49626	P39015
ZUO1	STM1	P32527	P39015
RPL13A	STM1	Q12690	P39015
RPL41B	STM1	P0CX87	P39015
RPL41A	STM1	P0CX86	P39015
RPS17B	STM1	P14127	P39015
RPL27B	STM1	P0C2H7	P39015
RPL37B	STM1	P51402	P39015
RPS24A	STM1	P0CX31	P39015
RPS8B	STM1	P0CX40	P39015
RPL29	STM1	P05747	P39015
RPL11B	STM1	Q3E757	P39015
RPS27B	STM1	P38711	P39015
RPS4B	STM1	P0CX36	P39015
RPS24B	STM1	P0CX32	P39015
RPL43B	STM1	P0CX26	P39015
RPS4A	STM1	P0CX35	P39015
YKL071W	STM1	P36086	P39015
RPS27A	STM1	P35997	P39015
RPS30A	STM1	P0CX33	P39015
RPS25B	STM1	P0C0T4	P39015
RPS17A	STM1	P02407	P39015
RPS16A	STM1	P0CX51	P39015
RPS10B	STM1	P46784	P39015
RPL20A	STM1	P0CX23	P39015
RPS28A	STM1	Q3E7X9	P39015
RPS30B	STM1	P0CX34	P39015
RPL33B	STM1	P41056	P39015
RPS6A	STM1	P0CX37	P39015
RPL43A	STM1	P0CX25	P39015
FUN12	STM1	P39730	P39015
RPL4A	STM1	P10664	P39015
RPL21A	STM1	Q02753	P39015
MIS1	STM1	P09440	P39015
RPP2B	STM1	P02400	P39015
SHM1	STM1	P37292	P39015
RPL34A	STM1	P87262	P39015
RPL7A	STM1	P05737	P39015
RPL9A	STM1	P05738	P39015
RPL34B	STM1	P40525	P39015
RPL26B	STM1	P53221	P39015
RPL17B	STM1	P46990	P39015
RPL16A	STM1	P26784	P39015
RPL14A	STM1	P36105	P39015
RPL17A	STM1	P05740	P39015
RPL22A	STM1	P05749	P39015
RPS9B	STM1	P05755	P39015
RPP1B	STM1	P10622	P39015
RPP1A	STM1	P05318	P39015
RPL22B	STM1	P56628	P39015
RPL24A	STM1	P04449	P39015
RPS25A	STM1	Q3E792	P39015
RPL24B	STM1	P24000	P39015
RPL8A	STM1	P17076	P39015
RPL10	STM1	P41805	P39015
RPL8B	STM1	P29453	P39015
RPL26A	STM1	P05743	P39015
RPL6B	STM1	P05739	P39015
RPL6A	STM1	Q02326	P39015
RPL21B	STM1	Q12672	P39015
RPL19B	STM1	P0CX83	P39015
RPL14B	STM1	P38754	P39015
NSA2	STM1	P40078	P39015
NUP1	ULP1	P20676	Q02724
NUP60	NUP1	P39705	P20676
SRP1	NUP1	Q02821	P20676
KAP95	NUP1	Q06142	P20676
SIW14	OCA2	P53965	P53949
SIW14	UBR2	P53965	Q07963
OCA6	SIW14	Q12454	P53965
OCA4	SIW14	P25366	P53965
OCA5	SIW14	P38738	P53965
OCA1	SIW14	P50946	P53965
PRP4	SMD3	P20053	P43321
PRP4	TY1A-LR3;TY1A-GR2;TY1A-GR1;TY1A-JR1;TY1A-ML2	P20053	Q12085
PRP4	TY1A-LR3;TY1A-GR2;TY1A-GR1;TY1A-JR1;TY1A-ML2	P20053	Q12485
PRP4	TY1A-LR3;TY1A-GR2;TY1A-GR1;TY1A-JR1;TY1A-ML2	P20053	P0CX74
PRP4	TY1A-LR3;TY1A-GR2;TY1A-GR1;TY1A-JR1;TY1A-ML2	P20053	P0CX75
PRP4	TY1A-LR3;TY1A-GR2;TY1A-GR1;TY1A-JR1;TY1A-ML2	P20053	P0CX76
PRP4	SMX3	P20053	P54999
PRP4	DIB1	P20053	Q06819
PRP4	SME1	P20053	Q12330
SPP381	PRP4	P38282	P20053
SNU23	PRP4	Q12368	P20053
SMX2	PRP4	P40204	P20053
LSM3	PRP4	P57743	P20053
SMB1	PRP4	P40018	P20053
BRR2	PRP4	P32639	P20053
PRP8	PRP4	P33334	P20053
SNU114	PRP4	P36048	P20053
SMD2	PRP4	Q06217	P20053
SMD1	PRP4	Q02260	P20053
NTR2	PRP4	P36118	P20053
PRP6	PRP4	P19735	P20053
LSM2	PRP4	P38203	P20053
LSM4	PRP4	P40070	P20053
PRP3	PRP4	Q03338	P20053
PRP38	PRP4	Q00723	P20053
PRP31	PRP4	P49704	P20053
LSM8	PRP4	P47093	P20053
LSM7	PRP4	P53905	P20053
SNU66	PRP4	Q12420	P20053
MRP51	MRPS9	Q02950	P38120
MRP51	VAR1	Q02950	P02381
MRP51	RSM18	Q02950	P40033
MRP51	RSM28	Q02950	Q03430
MRP51	MRPS8	Q02950	Q03799
MRP51	BUD20	Q02950	Q08004
MRP51	RSM19	Q02950	P53733
MRP51	MRPS12	Q02950	P53732
MRP51	MRP2	Q02950	P10663
NAM9	MRP51	P27929	Q02950
MRP21	MRP51	P38175	Q02950
MRP10	MRP51	O75012	Q02950
MRPS5	MRP51	P33759	Q02950
RSM24	MRP51	Q03976	Q02950
RSM10	MRP51	Q03201	Q02950
MRP1	MRP51	P10662	Q02950
MRPS28	MRP51	P21771	Q02950
MRP13	MRP51	P12686	Q02950
RSM23	MRP51	Q01163	Q02950
RSM27	MRP51	P53305	Q02950
MRPS35	MRP51	P53292	Q02950
FYV4	MRP51	P38783	Q02950
MRP4	MRP51	P32902	Q02950
AIM23	MRP51	P47015	Q02950
RSM25	MRP51	P40496	Q02950
RSM7	MRP51	P47150	Q02950
RSM26	MRP51	P47141	Q02950
RSM22	MRP51	P36056	Q02950
MRP17	MRP51	P28778	Q02950
MRPS17	MRP51	Q03246	Q02950
PUS4	MRP51	P48567	Q02950
MRPS18	MRP51	P42847	Q02950
PET123	MRP51	P17558	Q02950
MRPS16	MRP51	Q02608	Q02950
PDA1	MRP51	P16387	Q02950
ILV2	MRP51	P07342	Q02950
UBP6	MRP51	P43593	Q02950
RPA34	MRP51	P47006	Q02950
PHD1	MRP51	P36093	Q02950
DFR1	MRP51	P07807	Q02950
VPS72	MRP51	Q03388	Q02950
IOC2	MRP51	Q12072	Q02950
EHD3	MRP51	P28817	Q02950
TOM70	SRP101	P07213	P32916
TOM70	KRS1	P07213	P15180
TOM70	YHR020W	P07213	P38708
TOM70	DED81	P07213	P38707
TOM70	PDR16	P07213	P53860
EMP47	TOM70	P43555	P07213
SSP120	TOM70	P39931	P07213
DPS1	TOM70	P04802	P07213
EMC6	TOM70	Q12431	P07213
MET4	TOM70	P32389	P07213
SPC98	TOM70	P53540	P07213
NMD4	NAM7	Q12129	P30771
TIF2	NMD4	P10081	Q12129
